timestamp,ticker,decision,confidence,reasoning,news_score,technical_score,combined_score,article_count,news_direction,news_confidence,news_reasoning,news_source,technical_direction,technical_strength,technical_reasoning,analysis_method,sources_used,analysis_timestamp,recommendation_price,recommendation_timestamp,price_checkpoint1,price_checkpoint1_timestamp,price_checkpoint1_change_pct,price_checkpoint2,price_checkpoint2_timestamp,price_checkpoint2_change_pct,price_close,price_close_timestamp,price_close_change_pct,tracking_status
2025-06-05T16:02:56.015314,HRNNF,LONG,0.6855,"News: BUY (0.76 confidence) | Sources: 3 services | Top contributors: finbert(0.36), gemini(0.00), enhanced_keyword_analysis(0.00) | News reasoning: Multi-source analysis (3 sources): finbert: BUY(0.87); gemini: NEUTRAL(0.20); enhanced_keyword_analy | Technical: BUY (0.30 strength) | Technical reaso",0.7617,0.3,0.6232,1,BUY,0.7617,Multi-source analysis (3 sources): finbert: BUY(0.87); gemini: NEUTRAL(0.20); enhanced_keyword_analysis: NEUTRAL(0.40),multi_source,BUY,0.3,MA trend: BUY; RSI: 65.6; MACD: bullish; BB position: 0.60,standard_analysis,"finbert,gemini,enhanced_keyword_analysis",2025-06-05T16:02:56.015314,,2025-06-05T16:02:56.015314,,,,,,,,,,pending
2025-06-05T19:36:09.608729,MILE,LONG,0.8219,"News: BUY (0.84 confidence) | Sources: 3 services | Top contributors: finbert(0.39), enhanced_keyword_analysis(0.03), gemini(0.00) | News reasoning: Multi-source analysis (3 sources): finbert: BUY(0.94); gemini: NEUTRAL(0.30); enhanced_keyword_analy | Technical: BUY (0.54 strength) | Technical reaso",0.836,0.54,0.7472,1,BUY,0.836,Multi-source analysis (3 sources): finbert: BUY(0.94); gemini: NEUTRAL(0.30); enhanced_keyword_analysis: BUY(0.80),multi_source,BUY,0.54,MA trend: BUY; RSI: 49.0; MACD: bullish; BB position: 0.84,standard_analysis,"finbert,gemini,enhanced_keyword_analysis",2025-06-05T19:36:09.608729,,2025-06-05T19:36:09.608729,,,,,,,,,,pending
2025-06-05T19:36:09.588010,LITRF,LONG,0.7599,"News: BUY (0.99 confidence) | Sources: 3 services | Top contributors: finbert(0.30), gemini(0.23), enhanced_keyword_analysis(0.00) | News reasoning: Multi-source analysis (3 sources): finbert: BUY(0.73); gemini: BUY(0.70); enhanced_keyword_analysis: | Combined score: 0.69",0.9869,0,0.6908,1,BUY,0.9869,Multi-source analysis (3 sources): finbert: BUY(0.73); gemini: BUY(0.70); enhanced_keyword_analysis: NEUTRAL(0.30),multi_source,,,,standard_analysis,"finbert,gemini,enhanced_keyword_analysis",2025-06-05T19:36:09.588010,,2025-06-05T19:36:09.588010,,,,,,,,,,pending
2025-06-06T07:40:06.315628,PL,LONG,0.8822,"News: BUY (1.00 confidence) | Sources: 5 services | Top contributors: finbert(0.39), gemini(0.23), alpha_vantage(0.09) | News reasoning: Multi-source analysis (5 sources): finbert: BUY(0.96); gemini: BUY(0.70); alpha_vantage: BUY(0.66);  | Technical: BUY (0.34 strength) | Technical reasoning: MA tre",1,0.34,0.802,1,BUY,1,Multi-source analysis (5 sources): finbert: BUY(0.96); gemini: BUY(0.70); alpha_vantage: BUY(0.66); polygon: NEUTRAL(0.40); enhanced_keyword_analysis: BUY(0.80),multi_source,BUY,0.34,MA trend: BUY; RSI: 84.2; MACD: bullish; BB position: 1.53,standard_analysis,"finbert,gemini,alpha_vantage,polygon,enhanced_keyword_analysis",2025-06-06T07:40:06.315628,,2025-06-06T07:40:06.315628,,,,,,,,,,pending
2025-06-06T07:40:06.319795,JUNE,LONG,0.8595,"News: BUY (0.98 confidence) | Sources: 5 services | Top contributors: finbert(0.36), gemini(0.23), alpha_vantage(0.09) | News reasoning: Multi-source analysis (5 sources): finbert: BUY(0.87); gemini: BUY(0.70); alpha_vantage: BUY(0.71);  | Technical: BUY (0.32 strength) | Technical reasoning: MA tre",0.9791,0.32,0.7814,1,BUY,0.9791,Multi-source analysis (5 sources): finbert: BUY(0.87); gemini: BUY(0.70); alpha_vantage: BUY(0.71); polygon: NEUTRAL(0.40); enhanced_keyword_analysis: NEUTRAL(0.30),multi_source,BUY,0.32,MA trend: BUY; RSI: 56.7; MACD: bullish; BB position: 0.85,standard_analysis,"finbert,gemini,alpha_vantage,polygon,enhanced_keyword_analysis",2025-06-06T07:40:06.319795,,2025-06-06T07:40:06.319795,,,,,,,,,,pending
2025-06-06T07:40:06.317032,BDC,SHORT,0.77,"News: SELL (1.00 confidence) | Sources: 5 services | Top contributors: finbert(-0.39), gemini(-0.26), polygon(-0.07) | News reasoning: Multi-source analysis (5 sources): finbert: SELL(0.95); gemini: SELL(0.80); alpha_vantage: NEUTRAL(0 | Technical: NEUTRAL (0.81 strength) | Technical reasoning: MA t",-1,0,-0.7,1,SELL,1,Multi-source analysis (5 sources): finbert: SELL(0.95); gemini: SELL(0.80); alpha_vantage: NEUTRAL(0.50); polygon: SELL(0.75); enhanced_keyword_analysis: SELL(0.57),multi_source,NEUTRAL,0.81,MA trend: BUY; RSI: 46.7; MACD: bearish; BB position: 0.61,standard_analysis,"finbert,gemini,alpha_vantage,polygon,enhanced_keyword_analysis",2025-06-06T07:40:06.317032,,2025-06-06T07:40:06.317032,,,,,,,,,,pending
2025-06-06T07:40:06.317392,WIZZ,SHORT,0.77,"News: SELL (1.00 confidence) | Sources: 3 services | Top contributors: finbert(-0.39), gemini(-0.23), enhanced_keyword_analysis(0.00) | News reasoning: Multi-source analysis (3 sources): finbert: SELL(0.94); gemini: SELL(0.70); enhanced_keyword_analysi | Combined score: -0.70",-1,0,-0.7,1,SELL,1,Multi-source analysis (3 sources): finbert: SELL(0.94); gemini: SELL(0.70); enhanced_keyword_analysis: NEUTRAL(0.40),multi_source,,,,standard_analysis,"finbert,gemini,enhanced_keyword_analysis",2025-06-06T07:40:06.317392,,2025-06-06T07:40:06.317392,,,,,,,,,,pending
2025-06-06T07:40:06.318420,MOS,LONG,0.77,"News: BUY (1.00 confidence) | Sources: 5 services | Top contributors: finbert(0.39), gemini(0.26), alpha_vantage(0.10) | News reasoning: Multi-source analysis (5 sources): finbert: BUY(0.94); gemini: BUY(0.80); alpha_vantage: BUY(0.80);  | Technical: NEUTRAL (0.94 strength) | Technical reasoning: MA",1,0,0.7,1,BUY,1,Multi-source analysis (5 sources): finbert: BUY(0.94); gemini: BUY(0.80); alpha_vantage: BUY(0.80); polygon: NEUTRAL(0.40); enhanced_keyword_analysis: NEUTRAL(0.30),multi_source,NEUTRAL,0.94,MA trend: BUY; RSI: 70.7; MACD: bearish; BB position: 0.72,standard_analysis,"finbert,gemini,alpha_vantage,polygon,enhanced_keyword_analysis",2025-06-06T07:40:06.318420,,2025-06-06T07:40:06.318420,,,,,,,,,,pending
2025-06-06T07:40:06.326116,BCRX,LONG,0.77,"News: BUY (1.00 confidence) | Sources: 4 services | Top contributors: finbert(0.38), gemini(0.26), polygon(0.00) | News reasoning: Multi-source analysis (4 sources): finbert: BUY(0.94); gemini: BUY(0.80); polygon: NEUTRAL(0.40); en | Technical: NEUTRAL (0.93 strength) | Technical reasoning: MA trend",1,0,0.7,1,BUY,1,Multi-source analysis (4 sources): finbert: BUY(0.94); gemini: BUY(0.80); polygon: NEUTRAL(0.40); enhanced_keyword_analysis: NEUTRAL(0.30),multi_source,NEUTRAL,0.93,MA trend: BUY; RSI: 65.1; MACD: bearish; BB position: 0.83,standard_analysis,"finbert,gemini,polygon,enhanced_keyword_analysis",2025-06-06T07:40:06.326116,,2025-06-06T07:40:06.326116,,,,,,,,,,pending
2025-06-06T07:40:06.330108,BGX,LONG,0.77,"News: BUY (1.00 confidence) | Sources: 3 services | Top contributors: finbert(0.36), gemini(0.23), enhanced_keyword_analysis(0.00) | News reasoning: Multi-source analysis (3 sources): finbert: BUY(0.87); gemini: BUY(0.70); enhanced_keyword_analysis: | Technical: NEUTRAL (1.00 strength) | Technical r",1,0,0.7,1,BUY,1,Multi-source analysis (3 sources): finbert: BUY(0.87); gemini: BUY(0.70); enhanced_keyword_analysis: NEUTRAL(0.30),multi_source,NEUTRAL,1,MA trend: NEUTRAL; RSI: 35.9; MACD: bearish; BB position: 0.49,standard_analysis,"finbert,gemini,enhanced_keyword_analysis",2025-06-06T07:40:06.330108,,2025-06-06T07:40:06.330108,,,,,,,,,,pending
2025-06-06T07:40:06.342352,TMV,SHORT,0.77,"News: SELL (1.00 confidence) | Sources: 4 services | Top contributors: finbert(-0.35), gemini(-0.26), enhanced_keyword_analysis(-0.03) | News reasoning: Multi-source analysis (4 sources): finbert: SELL(0.87); gemini: SELL(0.80); polygon: NEUTRAL(0.40);  | Technical: NEUTRAL (0.84 strength) | Technic",-1,0,-0.7,1,SELL,1,Multi-source analysis (4 sources): finbert: SELL(0.87); gemini: SELL(0.80); polygon: NEUTRAL(0.40); enhanced_keyword_analysis: SELL(0.80),multi_source,NEUTRAL,0.84,MA trend: NEUTRAL; RSI: 46.5; MACD: bearish; BB position: 0.23,standard_analysis,"finbert,gemini,polygon,enhanced_keyword_analysis",2025-06-06T07:40:06.342352,,2025-06-06T07:40:06.342352,,,,,,,,,,pending
2025-06-06T07:40:06.343180,RHHBY,LONG,0.77,"News: BUY (1.00 confidence) | Sources: 4 services | Top contributors: finbert(0.38), gemini(0.26), polygon(0.00) | News reasoning: Multi-source analysis (4 sources): finbert: BUY(0.93); gemini: BUY(0.80); polygon: NEUTRAL(0.40); en | Technical: NEUTRAL (0.73 strength) | Technical reasoning: MA trend",1,0,0.7,1,BUY,1,Multi-source analysis (4 sources): finbert: BUY(0.93); gemini: BUY(0.80); polygon: NEUTRAL(0.40); enhanced_keyword_analysis: NEUTRAL(0.40),multi_source,NEUTRAL,0.73,MA trend: BUY; RSI: 70.0; MACD: bullish; BB position: 0.89,standard_analysis,"finbert,gemini,polygon,enhanced_keyword_analysis",2025-06-06T07:40:06.343180,,2025-06-06T07:40:06.343180,,,,,,,,,,pending
2025-06-06T07:40:06.335731,PAM,LONG,0.7498,"News: BUY (0.97 confidence) | Sources: 4 services | Top contributors: finbert(0.36), gemini(0.23), polygon(0.00) | News reasoning: Multi-source analysis (4 sources): finbert: BUY(0.87); gemini: BUY(0.70); polygon: NEUTRAL(0.40); en | Technical: NEUTRAL (0.73 strength) | Technical reasoning: MA trend",0.9738,0,0.6817,1,BUY,0.9738,Multi-source analysis (4 sources): finbert: BUY(0.87); gemini: BUY(0.70); polygon: NEUTRAL(0.40); enhanced_keyword_analysis: NEUTRAL(0.40),multi_source,NEUTRAL,0.73,MA trend: SELL; RSI: 31.4; MACD: bearish; BB position: 0.15,standard_analysis,"finbert,gemini,polygon,enhanced_keyword_analysis",2025-06-06T07:40:06.335731,,2025-06-06T07:40:06.335731,,,,,,,,,,pending
2025-06-06T07:40:06.334414,FI,LONG,0.7369,"News: BUY (0.96 confidence) | Sources: 4 services | Top contributors: finbert(0.32), gemini(0.23), enhanced_keyword_analysis(0.03) | News reasoning: Multi-source analysis (4 sources): finbert: BUY(0.77); gemini: BUY(0.70); polygon: NEUTRAL(0.40); en | Technical: NEUTRAL (0.82 strength) | Technical r",0.9571,0,0.6699,1,BUY,0.9571,Multi-source analysis (4 sources): finbert: BUY(0.77); gemini: BUY(0.70); polygon: NEUTRAL(0.40); enhanced_keyword_analysis: BUY(0.80),multi_source,NEUTRAL,0.82,MA trend: SELL; RSI: 60.5; MACD: bullish; BB position: 0.43,standard_analysis,"finbert,gemini,polygon,enhanced_keyword_analysis",2025-06-06T07:40:06.334414,,2025-06-06T07:40:06.334414,,,,,,,,,,pending
2025-06-06T07:40:06.332418,PONY,LONG,0.7324,"News: BUY (0.95 confidence) | Sources: 4 services | Top contributors: finbert(0.34), gemini(0.23), polygon(0.00) | News reasoning: Multi-source analysis (4 sources): finbert: BUY(0.82); gemini: BUY(0.70); polygon: NEUTRAL(0.40); en | Technical: NEUTRAL (0.81 strength) | Technical reasoning: MA trend",0.9512,0,0.6658,1,BUY,0.9512,Multi-source analysis (4 sources): finbert: BUY(0.82); gemini: BUY(0.70); polygon: NEUTRAL(0.40); enhanced_keyword_analysis: NEUTRAL(0.40),multi_source,NEUTRAL,0.81,MA trend: SELL; RSI: 45.3; MACD: bearish; BB position: 0.04,standard_analysis,"finbert,gemini,polygon,enhanced_keyword_analysis",2025-06-06T07:40:06.332418,,2025-06-06T07:40:06.332418,,,,,,,,,,pending
2025-06-06T07:40:06.319341,GB,LONG,0.7317,"News: BUY (0.95 confidence) | Sources: 5 services | Top contributors: finbert(0.33), gemini(0.30), enhanced_keyword_analysis(0.03) | News reasoning: Multi-source analysis (5 sources): finbert: BUY(0.80); gemini: BUY(0.90); alpha_vantage: NEUTRAL(0.5 | Technical: NEUTRAL (0.90 strength) | Technical r",0.9503,0,0.6652,1,BUY,0.9503,Multi-source analysis (5 sources): finbert: BUY(0.80); gemini: BUY(0.90); alpha_vantage: NEUTRAL(0.50); polygon: NEUTRAL(0.40); enhanced_keyword_analysis: BUY(0.80),multi_source,NEUTRAL,0.9,MA trend: NEUTRAL; RSI: 47.4; MACD: bearish; BB position: 0.46,standard_analysis,"finbert,gemini,alpha_vantage,polygon,enhanced_keyword_analysis",2025-06-06T07:40:06.319341,,2025-06-06T07:40:06.319341,,,,,,,,,,pending
2025-06-06T07:40:06.331272,ARLYF,LONG,0.7287,"News: BUY (0.95 confidence) | Sources: 3 services | Top contributors: finbert(0.27), gemini(0.23), enhanced_keyword_analysis(0.00) | News reasoning: Multi-source analysis (3 sources): finbert: BUY(0.66); gemini: BUY(0.70); enhanced_keyword_analysis: | Combined score: 0.66",0.9464,0,0.6625,1,BUY,0.9464,Multi-source analysis (3 sources): finbert: BUY(0.66); gemini: BUY(0.70); enhanced_keyword_analysis: NEUTRAL(0.40),multi_source,,,,standard_analysis,"finbert,gemini,enhanced_keyword_analysis",2025-06-06T07:40:06.331272,,2025-06-06T07:40:06.331272,,,,,,,,,,pending
2025-06-06T07:40:06.333231,TOYO,LONG,0.7163,"News: BUY (0.93 confidence) | Sources: 4 services | Top contributors: finbert(0.32), gemini(0.23), polygon(0.00) | News reasoning: Multi-source analysis (4 sources): finbert: BUY(0.78); gemini: BUY(0.70); polygon: NEUTRAL(0.40); en | Technical: NEUTRAL (0.94 strength) | Technical reasoning: MA trend",0.9303,0,0.6512,1,BUY,0.9303,Multi-source analysis (4 sources): finbert: BUY(0.78); gemini: BUY(0.70); polygon: NEUTRAL(0.40); enhanced_keyword_analysis: NEUTRAL(0.40),multi_source,NEUTRAL,0.94,MA trend: NEUTRAL; RSI: 32.9; MACD: bearish; BB position: 0.35,standard_analysis,"finbert,gemini,polygon,enhanced_keyword_analysis",2025-06-06T07:40:06.333231,,2025-06-06T07:40:06.333231,,,,,,,,,,pending
2025-06-06T07:40:06.334848,IQ,LONG,0.7146,"News: BUY (0.93 confidence) | Sources: 4 services | Top contributors: finbert(0.32), gemini(0.23), polygon(0.00) | News reasoning: Multi-source analysis (4 sources): finbert: BUY(0.77); gemini: BUY(0.70); polygon: NEUTRAL(0.40); en | Technical: NEUTRAL (0.80 strength) | Technical reasoning: MA trend",0.928,0,0.6496,1,BUY,0.928,Multi-source analysis (4 sources): finbert: BUY(0.77); gemini: BUY(0.70); polygon: NEUTRAL(0.40); enhanced_keyword_analysis: NEUTRAL(0.40),multi_source,NEUTRAL,0.8,MA trend: SELL; RSI: 26.4; MACD: bearish; BB position: 0.31,standard_analysis,"finbert,gemini,polygon,enhanced_keyword_analysis",2025-06-06T07:40:06.334848,,2025-06-06T07:40:06.334848,,,,,,,,,,pending
2025-06-06T07:40:06.320171,FOMTF,LONG,0.6946,"News: BUY (0.90 confidence) | Sources: 3 services | Top contributors: gemini(0.23), finbert(0.21), enhanced_keyword_analysis(0.03) | News reasoning: Multi-source analysis (3 sources): finbert: BUY(0.51); gemini: BUY(0.70); enhanced_keyword_analysis: | Combined score: 0.63",0.9021,0,0.6314,1,BUY,0.9021,Multi-source analysis (3 sources): finbert: BUY(0.51); gemini: BUY(0.70); enhanced_keyword_analysis: BUY(0.80),multi_source,,,,standard_analysis,"finbert,gemini,enhanced_keyword_analysis",2025-06-06T07:40:06.320171,,2025-06-06T07:40:06.320171,,,,,,,,,,pending
2025-06-06T07:40:06.316129,MSFU,LONG,0.6861,"News: BUY (0.89 confidence) | Sources: 4 services | Top contributors: finbert(0.27), gemini(0.23), enhanced_keyword_analysis(0.02) | News reasoning: Multi-source analysis (4 sources): finbert: BUY(0.65); gemini: BUY(0.70); polygon: NEUTRAL(0.40); en | Technical: NEUTRAL (0.93 strength) | Technical r",0.891,0,0.6237,1,BUY,0.891,Multi-source analysis (4 sources): finbert: BUY(0.65); gemini: BUY(0.70); polygon: NEUTRAL(0.40); enhanced_keyword_analysis: BUY(0.50),multi_source,NEUTRAL,0.93,MA trend: BUY; RSI: 65.5; MACD: bearish; BB position: 0.91,standard_analysis,"finbert,gemini,polygon,enhanced_keyword_analysis",2025-06-06T07:40:06.316129,,2025-06-06T07:40:06.316129,,,,,,,,,,pending
2025-06-06T07:40:06.347567,URGN,SHORT,0.6834,"News: SELL (0.89 confidence) | Sources: 4 services | Top contributors: gemini(-0.26), finbert(-0.23), enhanced_keyword_analysis(-0.02) | News reasoning: Multi-source analysis (4 sources): finbert: SELL(0.55); gemini: SELL(0.80); polygon: NEUTRAL(0.40);  | Technical: NEUTRAL (0.88 strength) | Technic",-0.8875,0,-0.6213,3,SELL,0.8875,Multi-source analysis (4 sources): finbert: SELL(0.55); gemini: SELL(0.80); polygon: NEUTRAL(0.40); enhanced_keyword_analysis: SELL(0.67),multi_source,NEUTRAL,0.88,MA trend: SELL; RSI: 23.8; MACD: bullish; BB position: 0.36,standard_analysis,"finbert,gemini,polygon,enhanced_keyword_analysis",2025-06-06T07:40:06.347567,,2025-06-06T07:40:06.347567,,,,,,,,,,pending
2025-06-06T07:40:06.316648,PRPH,LONG,0.6559,"News: BUY (0.60 confidence) | Sources: 5 services | Top contributors: gemini(0.23), polygon(0.07), finbert(0.00) | News reasoning: Multi-source analysis (5 sources): finbert: NEUTRAL(0.55); gemini: BUY(0.70); alpha_vantage: NEUTRAL | Technical: BUY (0.58 strength) | Technical reasoning: MA trend: BU",0.6033,0.58,0.5963,1,BUY,0.6033,Multi-source analysis (5 sources): finbert: NEUTRAL(0.55); gemini: BUY(0.70); alpha_vantage: NEUTRAL(0.50); polygon: BUY(0.75); enhanced_keyword_analysis: NEUTRAL(0.40),multi_source,BUY,0.58,MA trend: BUY; RSI: 42.9; MACD: bullish; BB position: 0.58,standard_analysis,"finbert,gemini,alpha_vantage,polygon,enhanced_keyword_analysis",2025-06-06T07:40:06.316648,,2025-06-06T07:40:06.316648,,,,,,,,,,pending
2025-06-06T07:40:06.318841,MRT,LONG,0.6557,"News: BUY (0.85 confidence) | Sources: 5 services | Top contributors: finbert(0.29), gemini(0.26), alpha_vantage(0.00) | News reasoning: Multi-source analysis (5 sources): finbert: BUY(0.71); gemini: BUY(0.80); alpha_vantage: NEUTRAL(0.5 | Technical: NEUTRAL (0.73 strength) | Technical reasoning: MA",0.8516,0,0.5961,1,BUY,0.8516,Multi-source analysis (5 sources): finbert: BUY(0.71); gemini: BUY(0.80); alpha_vantage: NEUTRAL(0.50); polygon: NEUTRAL(0.40); enhanced_keyword_analysis: NEUTRAL(0.40),multi_source,NEUTRAL,0.73,MA trend: SELL; RSI: 30.1; MACD: bearish; BB position: 0.14,standard_analysis,"finbert,gemini,alpha_vantage,polygon,enhanced_keyword_analysis",2025-06-06T07:40:06.318841,,2025-06-06T07:40:06.318841,,,,,,,,,,pending
2025-06-06T07:40:06.338838,CIVI,SHORT,0.6422,"News: SELL (0.63 confidence) | Sources: 4 services | Top contributors: gemini(-0.26), enhanced_keyword_analysis(-0.02), finbert(0.00) | News reasoning: Multi-source analysis (4 sources): finbert: NEUTRAL(0.77); gemini: SELL(0.80); polygon: NEUTRAL(0.40 | Technical: SELL (0.48 strength) | Technical r",-0.6283,-0.48,-0.5838,2,SELL,0.6283,Multi-source analysis (4 sources): finbert: NEUTRAL(0.77); gemini: SELL(0.80); polygon: NEUTRAL(0.40); enhanced_keyword_analysis: SELL(0.70),multi_source,SELL,0.48,MA trend: SELL; RSI: 37.7; MACD: bearish; BB position: 0.28,standard_analysis,"finbert,gemini,polygon,enhanced_keyword_analysis",2025-06-06T07:40:06.338838,,2025-06-06T07:40:06.338838,,,,,,,,,,pending
2025-06-06T07:53:19.141088,VSTS,SHORT,0.77,"News: SELL (1.00 confidence) | Sources: 4 services | Top contributors: finbert(-0.40), gemini(-0.26), enhanced_keyword_analysis(-0.03) | News reasoning: Multi-source analysis (4 sources): finbert: SELL(0.98); gemini: SELL(0.80); polygon: NEUTRAL(0.40);  | Technical: NEUTRAL (0.84 strength) | Technic",-1,0,-0.7,2,SELL,1,Multi-source analysis (4 sources): finbert: SELL(0.98); gemini: SELL(0.80); polygon: NEUTRAL(0.40); enhanced_keyword_analysis: SELL(0.80),multi_source,NEUTRAL,0.84,MA trend: NEUTRAL; RSI: 49.5; MACD: bullish; BB position: 0.53,standard_analysis,"finbert,gemini,polygon,enhanced_keyword_analysis",2025-06-06T07:53:19.141088,,2025-06-06T07:53:19.141088,,,,,,,,,,pending
2025-06-06T07:53:19.135217,NCNO,SHORT,0.7445,"News: SELL (0.97 confidence) | Sources: 4 services | Top contributors: finbert(-0.40), gemini(-0.23), polygon(0.07) | News reasoning: Multi-source analysis (4 sources): finbert: SELL(0.97); gemini: SELL(0.70); polygon: BUY(0.75); enha | Technical: NEUTRAL (0.71 strength) | Technical reasoning: MA tr",-0.9669,0,-0.6769,1,SELL,0.9669,Multi-source analysis (4 sources): finbert: SELL(0.97); gemini: SELL(0.70); polygon: BUY(0.75); enhanced_keyword_analysis: SELL(0.80),multi_source,NEUTRAL,0.71,MA trend: BUY; RSI: 73.9; MACD: bullish; BB position: 0.84,standard_analysis,"finbert,gemini,polygon,enhanced_keyword_analysis",2025-06-06T07:53:19.135217,,2025-06-06T07:53:19.135217,,,,,,,,,,pending
2025-06-06T07:53:19.136477,RC,SHORT,0.6432,"News: SELL (0.59 confidence) | Sources: 4 services | Top contributors: gemini(-0.23), enhanced_keyword_analysis(-0.02), finbert(0.00) | News reasoning: Multi-source analysis (4 sources): finbert: NEUTRAL(0.64); gemini: SELL(0.70); polygon: NEUTRAL(0.40 | Technical: SELL (0.58 strength) | Technical r",-0.5868,-0.58,-0.5848,1,SELL,0.5868,Multi-source analysis (4 sources): finbert: NEUTRAL(0.64); gemini: SELL(0.70); polygon: NEUTRAL(0.40); enhanced_keyword_analysis: SELL(0.60),multi_source,SELL,0.58,MA trend: SELL; RSI: 42.2; MACD: bearish; BB position: 0.31,standard_analysis,"finbert,gemini,polygon,enhanced_keyword_analysis",2025-06-06T07:53:19.136477,,2025-06-06T07:53:19.136477,,,,,,,,,,pending
2025-06-06T07:53:19.149552,REKR,LONG,0.6285,"News: BUY (0.65 confidence) | Sources: 4 services | Top contributors: gemini(0.23), polygon(0.07), finbert(0.00) | News reasoning: Multi-source analysis (4 sources): finbert: NEUTRAL(0.79); gemini: BUY(0.70); polygon: BUY(0.75); en | Technical: BUY (0.39 strength) | Technical reasoning: MA trend: BU",0.6491,0.39,0.5713,2,BUY,0.6491,Multi-source analysis (4 sources): finbert: NEUTRAL(0.79); gemini: BUY(0.70); polygon: BUY(0.75); enhanced_keyword_analysis: NEUTRAL(0.30),multi_source,BUY,0.39,MA trend: BUY; RSI: 68.1; MACD: bullish; BB position: 0.98,standard_analysis,"finbert,gemini,polygon,enhanced_keyword_analysis",2025-06-06T07:53:19.149552,,2025-06-06T07:53:19.149552,,,,,,,,,,pending
2025-06-06T07:53:19.136040,FCEL,LONG,0.6233,"News: BUY (0.68 confidence) | Sources: 4 services | Top contributors: finbert(0.33), gemini(0.00), polygon(0.00) | News reasoning: Multi-source analysis (4 sources): finbert: BUY(0.81); gemini: NEUTRAL(0.60); polygon: NEUTRAL(0.40) | Technical: BUY (0.30 strength) | Technical reasoning: MA trend: BU",0.6809,0.3,0.5667,1,BUY,0.6809,Multi-source analysis (4 sources): finbert: BUY(0.81); gemini: NEUTRAL(0.60); polygon: NEUTRAL(0.40); enhanced_keyword_analysis: NEUTRAL(0.40),multi_source,BUY,0.3,MA trend: BUY; RSI: 61.4; MACD: bullish; BB position: 0.66,standard_analysis,"finbert,gemini,polygon,enhanced_keyword_analysis",2025-06-06T07:53:19.136040,,2025-06-06T07:53:19.136040,,,,,,,,,,pending
2025-06-06T07:53:19.145657,CIVI,SHORT,0.6127,"News: SELL (0.59 confidence) | Sources: 4 services | Top contributors: gemini(-0.23), enhanced_keyword_analysis(-0.02), finbert(0.00) | News reasoning: Multi-source analysis (4 sources): finbert: NEUTRAL(0.87); gemini: SELL(0.70); polygon: NEUTRAL(0.40 | Technical: SELL (0.48 strength) | Technical r",-0.59,-0.48,-0.557,1,SELL,0.59,Multi-source analysis (4 sources): finbert: NEUTRAL(0.87); gemini: SELL(0.70); polygon: NEUTRAL(0.40); enhanced_keyword_analysis: SELL(0.69),multi_source,SELL,0.48,MA trend: SELL; RSI: 37.7; MACD: bearish; BB position: 0.28,standard_analysis,"finbert,gemini,polygon,enhanced_keyword_analysis",2025-06-06T07:53:19.145657,,2025-06-06T07:53:19.145657,,,,,,,,,,pending
2025-06-06T08:00:39.919540,DOCU,LONG,0.8921,"News: BUY (1.00 confidence) | Sources: 4 services | Top contributors: finbert(0.38), gemini(0.26), polygon(0.07) | News reasoning: Multi-source analysis (4 sources): finbert: BUY(0.94); gemini: BUY(0.80); polygon: BUY(0.75); enhanc | Technical: BUY (0.37 strength) | Technical reasoning: MA trend: BU",1,0.37,0.811,1,BUY,1,Multi-source analysis (4 sources): finbert: BUY(0.94); gemini: BUY(0.80); polygon: BUY(0.75); enhanced_keyword_analysis: NEUTRAL(0.40),multi_source,BUY,0.37,MA trend: BUY; RSI: 55.1; MACD: bullish; BB position: 0.85,standard_analysis,"finbert,gemini,polygon,enhanced_keyword_analysis",2025-06-06T08:00:39.919540,,2025-06-06T08:00:39.919540,,,,,,,,,,pending
2025-06-06T08:00:39.920819,CAE,LONG,0.62,"News: BUY (0.56 confidence) | Sources: 4 services | Top contributors: gemini(0.20), enhanced_keyword_analysis(0.03), finbert(0.00) | News reasoning: Multi-source analysis (4 sources): finbert: NEUTRAL(0.93); gemini: BUY(0.60); polygon: NEUTRAL(0.40) | Technical: BUY (0.58 strength) | Technical reaso",0.5566,0.58,0.5636,2,BUY,0.5566,Multi-source analysis (4 sources): finbert: NEUTRAL(0.93); gemini: BUY(0.60); polygon: NEUTRAL(0.40); enhanced_keyword_analysis: BUY(0.80),multi_source,BUY,0.58,MA trend: BUY; RSI: 55.6; MACD: bullish; BB position: 0.74,standard_analysis,"finbert,gemini,polygon,enhanced_keyword_analysis",2025-06-06T08:00:39.920819,,2025-06-06T08:00:39.920819,,,,,,,,,,pending
2025-06-06T08:17:24.836013,LGI,LONG,0.77,"News: BUY (1.00 confidence) | Sources: 3 services | Top contributors: finbert(0.32), gemini(0.20), enhanced_keyword_analysis(0.03) | News reasoning: Multi-source analysis (3 sources): finbert: BUY(0.78); gemini: BUY(0.60); enhanced_keyword_analysis: | Technical: NEUTRAL (0.74 strength) | Technical r",1,0,0.7,1,BUY,1,Multi-source analysis (3 sources): finbert: BUY(0.78); gemini: BUY(0.60); enhanced_keyword_analysis: BUY(0.80),multi_source,NEUTRAL,0.74,MA trend: BUY; RSI: 59.1; MACD: bearish; BB position: 0.66,standard_analysis,"finbert,gemini,enhanced_keyword_analysis",2025-06-06T08:17:24.836013,,2025-06-06T08:17:24.836013,,,,,,,,,,pending
2025-06-06T08:17:24.837806,FSLR,SHORT,0.77,"News: SELL (1.00 confidence) | Sources: 4 services | Top contributors: finbert(-0.40), gemini(-0.23), polygon(0.00) | News reasoning: Multi-source analysis (4 sources): finbert: SELL(0.97); gemini: SELL(0.70); polygon: NEUTRAL(0.40);  | Technical: NEUTRAL (0.76 strength) | Technical reasoning: MA tr",-1,0,-0.7,1,SELL,1,Multi-source analysis (4 sources): finbert: SELL(0.97); gemini: SELL(0.70); polygon: NEUTRAL(0.40); enhanced_keyword_analysis: NEUTRAL(0.30),multi_source,NEUTRAL,0.76,MA trend: BUY; RSI: 32.8; MACD: bearish; BB position: 0.52,standard_analysis,"finbert,gemini,polygon,enhanced_keyword_analysis",2025-06-06T08:17:24.837806,,2025-06-06T08:17:24.837806,,,,,,,,,,pending
2025-06-06T08:17:24.838289,NFLX,LONG,0.77,"News: BUY (1.00 confidence) | Sources: 4 services | Top contributors: finbert(0.39), gemini(0.26), polygon(0.07) | News reasoning: Multi-source analysis (4 sources): finbert: BUY(0.95); gemini: BUY(0.80); polygon: BUY(0.75); enhanc | Technical: NEUTRAL (0.97 strength) | Technical reasoning: MA trend",1,0,0.7,1,BUY,1,Multi-source analysis (4 sources): finbert: BUY(0.95); gemini: BUY(0.80); polygon: BUY(0.75); enhanced_keyword_analysis: BUY(0.80),multi_source,NEUTRAL,0.97,MA trend: BUY; RSI: 74.8; MACD: bearish; BB position: 0.94,standard_analysis,"finbert,gemini,polygon,enhanced_keyword_analysis",2025-06-06T08:17:24.838289,,2025-06-06T08:17:24.838289,,,,,,,,,,pending
2025-06-06T08:17:24.843497,TSLA,SHORT,0.77,"News: SELL (1.00 confidence) | Sources: 4 services | Top contributors: finbert(-0.40), gemini(-0.23), polygon(0.00) | News reasoning: Multi-source analysis (4 sources): finbert: SELL(0.97); gemini: SELL(0.70); polygon: NEUTRAL(0.40);  | Technical: NEUTRAL (0.90 strength) | Technical reasoning: MA tr",-1,0,-0.7,1,SELL,1,Multi-source analysis (4 sources): finbert: SELL(0.97); gemini: SELL(0.70); polygon: NEUTRAL(0.40); enhanced_keyword_analysis: NEUTRAL(0.30),multi_source,NEUTRAL,0.9,MA trend: SELL; RSI: 29.5; MACD: bearish; BB position: -0.07,standard_analysis,"finbert,gemini,polygon,enhanced_keyword_analysis",2025-06-06T08:17:24.843497,,2025-06-06T08:17:24.843497,,,,,,,,,,pending
2025-06-06T08:17:24.837041,PETV,LONG,0.7052,"News: BUY (0.92 confidence) | Sources: 4 services | Top contributors: finbert(0.31), gemini(0.20), enhanced_keyword_analysis(0.03) | News reasoning: Multi-source analysis (4 sources): finbert: BUY(0.76); gemini: BUY(0.60); polygon: NEUTRAL(0.40); en | Technical: NEUTRAL (0.82 strength) | Technical r",0.9159,0,0.6411,1,BUY,0.9159,Multi-source analysis (4 sources): finbert: BUY(0.76); gemini: BUY(0.60); polygon: NEUTRAL(0.40); enhanced_keyword_analysis: BUY(0.80),multi_source,NEUTRAL,0.82,MA trend: BUY; RSI: 37.6; MACD: bearish; BB position: 0.58,standard_analysis,"finbert,gemini,polygon,enhanced_keyword_analysis",2025-06-06T08:17:24.837041,,2025-06-06T08:17:24.837041,,,,,,,,,,pending
2025-06-06T08:17:24.839515,DEFTF,LONG,0.6936,"News: BUY (0.90 confidence) | Sources: 4 services | Top contributors: finbert(0.29), gemini(0.23), polygon(0.00) | News reasoning: Multi-source analysis (4 sources): finbert: BUY(0.71); gemini: BUY(0.70); polygon: NEUTRAL(0.40); en | Technical: NEUTRAL (0.94 strength) | Technical reasoning: MA trend",0.9008,0,0.6306,1,BUY,0.9008,Multi-source analysis (4 sources): finbert: BUY(0.71); gemini: BUY(0.70); polygon: NEUTRAL(0.40); enhanced_keyword_analysis: NEUTRAL(0.40),multi_source,NEUTRAL,0.94,MA trend: NEUTRAL; RSI: 35.5; MACD: bearish; BB position: 0.35,standard_analysis,"finbert,gemini,polygon,enhanced_keyword_analysis",2025-06-06T08:17:24.839515,,2025-06-06T08:17:24.839515,,,,,,,,,,pending
2025-06-06T08:27:33.713652,LNG,LONG,0.8987,"News: BUY (1.00 confidence) | Sources: 4 services | Top contributors: finbert(0.37), gemini(0.26), enhanced_keyword_analysis(0.03) | News reasoning: Multi-source analysis (4 sources): finbert: BUY(0.91); gemini: BUY(0.80); polygon: NEUTRAL(0.40); en | Technical: BUY (0.39 strength) | Technical reaso",1,0.39,0.817,1,BUY,1,Multi-source analysis (4 sources): finbert: BUY(0.91); gemini: BUY(0.80); polygon: NEUTRAL(0.40); enhanced_keyword_analysis: BUY(0.80),multi_source,BUY,0.39,MA trend: BUY; RSI: 62.3; MACD: bullish; BB position: 0.96,standard_analysis,"finbert,gemini,polygon,enhanced_keyword_analysis",2025-06-06T08:27:33.713652,,2025-06-06T08:27:33.713652,,,,,,,,,,pending
2025-06-06T08:27:33.705437,MDB,LONG,0.8822,"News: BUY (1.00 confidence) | Sources: 4 services | Top contributors: finbert(0.39), gemini(0.26), polygon(0.07) | News reasoning: Multi-source analysis (4 sources): finbert: BUY(0.96); gemini: BUY(0.80); polygon: BUY(0.75); enhanc | Technical: BUY (0.34 strength) | Technical reasoning: MA trend: BU",1,0.34,0.802,1,BUY,1,Multi-source analysis (4 sources): finbert: BUY(0.96); gemini: BUY(0.80); polygon: BUY(0.75); enhanced_keyword_analysis: BUY(0.80),multi_source,BUY,0.34,MA trend: BUY; RSI: 81.7; MACD: bullish; BB position: 1.40,standard_analysis,"finbert,gemini,polygon,enhanced_keyword_analysis",2025-06-06T08:27:33.705437,,2025-06-06T08:27:33.705437,,,,,,,,,,pending
2025-06-06T08:27:33.707936,NVNO,LONG,0.77,"News: BUY (1.00 confidence) | Sources: 3 services | Top contributors: finbert(0.38), gemini(0.26), enhanced_keyword_analysis(0.00) | News reasoning: Multi-source analysis (3 sources): finbert: BUY(0.94); gemini: BUY(0.80); enhanced_keyword_analysis: | Technical: NEUTRAL (0.72 strength) | Technical r",1,0,0.7,2,BUY,1,Multi-source analysis (3 sources): finbert: BUY(0.94); gemini: BUY(0.80); enhanced_keyword_analysis: NEUTRAL(0.40),multi_source,NEUTRAL,0.72,MA trend: SELL; RSI: 42.9; MACD: bearish; BB position: 0.26,standard_analysis,"finbert,gemini,enhanced_keyword_analysis",2025-06-06T08:27:33.707936,,2025-06-06T08:27:33.707936,,,,,,,,,,pending
2025-06-06T08:27:33.715927,TSLA,SHORT,0.77,"News: SELL (1.00 confidence) | Sources: 4 services | Top contributors: finbert(-0.40), gemini(-0.23), polygon(0.00) | News reasoning: Multi-source analysis (4 sources): finbert: SELL(0.98); gemini: SELL(0.70); polygon: NEUTRAL(0.40);  | Technical: NEUTRAL (0.90 strength) | Technical reasoning: MA tr",-1,0,-0.7,1,SELL,1,Multi-source analysis (4 sources): finbert: SELL(0.98); gemini: SELL(0.70); polygon: NEUTRAL(0.40); enhanced_keyword_analysis: NEUTRAL(0.40),multi_source,NEUTRAL,0.9,MA trend: SELL; RSI: 29.5; MACD: bearish; BB position: -0.07,standard_analysis,"finbert,gemini,polygon,enhanced_keyword_analysis",2025-06-06T08:27:33.715927,,2025-06-06T08:27:33.715927,,,,,,,,,,pending
2025-06-06T08:27:33.717827,AAAU,LONG,0.7698,"News: BUY (0.79 confidence) | Sources: 4 services | Top contributors: gemini(0.23), finbert(0.20), polygon(0.00) | News reasoning: Multi-source analysis (4 sources): finbert: BUY(0.49); gemini: BUY(0.70); polygon: NEUTRAL(0.40); en | Technical: BUY (0.48 strength) | Technical reasoning: MA trend: BU",0.794,0.48,0.6998,2,BUY,0.794,Multi-source analysis (4 sources): finbert: BUY(0.49); gemini: BUY(0.70); polygon: NEUTRAL(0.40); enhanced_keyword_analysis: NEUTRAL(0.40),multi_source,BUY,0.48,MA trend: BUY; RSI: 61.8; MACD: bullish; BB position: 0.76,standard_analysis,"finbert,gemini,polygon,enhanced_keyword_analysis",2025-06-06T08:27:33.717827,,2025-06-06T08:27:33.717827,,,,,,,,,,pending
2025-06-06T08:27:33.714648,QQLV,LONG,0.6946,"News: BUY (0.90 confidence) | Sources: 3 services | Top contributors: finbert(0.23), gemini(0.23), enhanced_keyword_analysis(0.00) | News reasoning: Multi-source analysis (3 sources): finbert: BUY(0.57); gemini: BUY(0.70); enhanced_keyword_analysis: | Combined score: 0.63",0.902,0,0.6314,1,BUY,0.902,Multi-source analysis (3 sources): finbert: BUY(0.57); gemini: BUY(0.70); enhanced_keyword_analysis: NEUTRAL(0.40),multi_source,,,,standard_analysis,"finbert,gemini,enhanced_keyword_analysis",2025-06-06T08:27:33.714648,,2025-06-06T08:27:33.714648,,,,,,,,,,pending
2025-06-06T08:27:33.706309,DEFTF,LONG,0.6936,"News: BUY (0.90 confidence) | Sources: 4 services | Top contributors: finbert(0.29), gemini(0.23), polygon(0.00) | News reasoning: Multi-source analysis (4 sources): finbert: BUY(0.71); gemini: BUY(0.70); polygon: NEUTRAL(0.40); en | Technical: NEUTRAL (0.94 strength) | Technical reasoning: MA trend",0.9008,0,0.6306,1,BUY,0.9008,Multi-source analysis (4 sources): finbert: BUY(0.71); gemini: BUY(0.70); polygon: NEUTRAL(0.40); enhanced_keyword_analysis: NEUTRAL(0.40),multi_source,NEUTRAL,0.94,MA trend: NEUTRAL; RSI: 35.5; MACD: bearish; BB position: 0.35,standard_analysis,"finbert,gemini,polygon,enhanced_keyword_analysis",2025-06-06T08:27:33.706309,,2025-06-06T08:27:33.706309,,,,,,,,,,pending
2025-06-06T08:27:33.717139,WLFC,LONG,0.6278,"News: BUY (0.69 confidence) | Sources: 4 services | Top contributors: gemini(0.26), polygon(0.07), finbert(0.00) | News reasoning: Multi-source analysis (4 sources): finbert: NEUTRAL(0.62); gemini: BUY(0.80); polygon: BUY(0.75); en | Technical: BUY (0.30 strength) | Technical reasoning: MA trend: BU",0.6868,0.3,0.5708,2,BUY,0.6868,Multi-source analysis (4 sources): finbert: NEUTRAL(0.62); gemini: BUY(0.80); polygon: BUY(0.75); enhanced_keyword_analysis: NEUTRAL(0.30),multi_source,BUY,0.3,MA trend: BUY; RSI: 54.8; MACD: bullish; BB position: 0.86,standard_analysis,"finbert,gemini,polygon,enhanced_keyword_analysis",2025-06-06T08:27:33.717139,,2025-06-06T08:27:33.717139,,,,,,,,,,pending
2025-06-06T08:33:06.263118,ZUMZ,SHORT,0.7587,"News: SELL (0.99 confidence) | Sources: 4 services | Top contributors: finbert(-0.37), gemini(-0.23), polygon(0.00) | News reasoning: Multi-source analysis (4 sources): finbert: SELL(0.89); gemini: SELL(0.70); polygon: NEUTRAL(0.40);  | Technical: NEUTRAL (0.79 strength) | Technical reasoning: MA tr",-0.9853,0,-0.6897,1,SELL,0.9853,Multi-source analysis (4 sources): finbert: SELL(0.89); gemini: SELL(0.70); polygon: NEUTRAL(0.40); enhanced_keyword_analysis: NEUTRAL(0.40),multi_source,NEUTRAL,0.79,MA trend: NEUTRAL; RSI: 45.8; MACD: bullish; BB position: 0.56,standard_analysis,"finbert,gemini,polygon,enhanced_keyword_analysis",2025-06-06T08:33:06.263118,,2025-06-06T08:33:06.263118,,,,,,,,,,pending
2025-06-06T08:33:06.263927,GLP,LONG,0.7448,"News: BUY (0.81 confidence) | Sources: 4 services | Top contributors: finbert(0.37), polygon(0.07), gemini(0.00) | News reasoning: Multi-source analysis (4 sources): finbert: BUY(0.91); gemini: NEUTRAL(0.30); polygon: BUY(0.75); en | Technical: BUY (0.36 strength) | Technical reasoning: MA trend: BU",0.813,0.36,0.6771,1,BUY,0.813,Multi-source analysis (4 sources): finbert: BUY(0.91); gemini: NEUTRAL(0.30); polygon: BUY(0.75); enhanced_keyword_analysis: NEUTRAL(0.40),multi_source,BUY,0.36,MA trend: BUY; RSI: 63.5; MACD: bullish; BB position: 0.80,standard_analysis,"finbert,gemini,polygon,enhanced_keyword_analysis",2025-06-06T08:33:06.263927,,2025-06-06T08:33:06.263927,,,,,,,,,,pending
2025-06-06T08:42:37.542177,NVDA,LONG,0.9614,"News: BUY (1.00 confidence) | Sources: 4 services | Top contributors: finbert(0.39), gemini(0.26), polygon(0.07) | News reasoning: Multi-source analysis (4 sources): finbert: BUY(0.95); gemini: BUY(0.80); polygon: BUY(0.75); enhanc | Technical: BUY (0.58 strength) | Technical reasoning: MA trend: BU",1,0.58,0.874,1,BUY,1,Multi-source analysis (4 sources): finbert: BUY(0.95); gemini: BUY(0.80); polygon: BUY(0.75); enhanced_keyword_analysis: BUY(0.70),multi_source,BUY,0.58,MA trend: BUY; RSI: 58.9; MACD: bullish; BB position: 0.75,standard_analysis,"finbert,gemini,polygon,enhanced_keyword_analysis",2025-06-06T08:42:37.542177,,2025-06-06T08:42:37.542177,,,,,,,,,,pending
2025-06-06T08:42:37.543231,CEF,LONG,0.8987,"News: BUY (1.00 confidence) | Sources: 4 services | Top contributors: finbert(0.38), gemini(0.23), enhanced_keyword_analysis(0.02) | News reasoning: Multi-source analysis (4 sources): finbert: BUY(0.94); gemini: BUY(0.70); polygon: NEUTRAL(0.40); en | Technical: BUY (0.39 strength) | Technical reaso",1,0.39,0.817,1,BUY,1,Multi-source analysis (4 sources): finbert: BUY(0.94); gemini: BUY(0.70); polygon: NEUTRAL(0.40); enhanced_keyword_analysis: BUY(0.64),multi_source,BUY,0.39,MA trend: BUY; RSI: 67.2; MACD: bullish; BB position: 0.94,standard_analysis,"finbert,gemini,polygon,enhanced_keyword_analysis",2025-06-06T08:42:37.543231,,2025-06-06T08:42:37.543231,,,,,,,,,,pending
2025-06-06T08:42:37.548278,VIRC,SHORT,0.6948,"News: SELL (0.90 confidence) | Sources: 4 services | Top contributors: finbert(-0.33), gemini(-0.26), polygon(0.07) | News reasoning: Multi-source analysis (4 sources): finbert: SELL(0.82); gemini: SELL(0.80); polygon: BUY(0.75); enha | Technical: NEUTRAL (0.84 strength) | Technical reasoning: MA tr",-0.9024,0,-0.6317,2,SELL,0.9024,Multi-source analysis (4 sources): finbert: SELL(0.82); gemini: SELL(0.80); polygon: BUY(0.75); enhanced_keyword_analysis: NEUTRAL(0.30),multi_source,NEUTRAL,0.84,MA trend: SELL; RSI: 39.3; MACD: bullish; BB position: 0.29,standard_analysis,"finbert,gemini,polygon,enhanced_keyword_analysis",2025-06-06T08:42:37.548278,,2025-06-06T08:42:37.548278,,,,,,,,,,pending
2025-06-06T08:50:21.970853,HURC,SHORT,0.9317,"News: SELL (1.00 confidence) | Sources: 4 services | Top contributors: finbert(-0.38), gemini(-0.26), polygon(-0.07) | News reasoning: Multi-source analysis (4 sources): finbert: SELL(0.93); gemini: SELL(0.80); polygon: SELL(0.75); enh | Technical: SELL (0.49 strength) | Technical reasoning: MA tren",-1,-0.49,-0.847,2,SELL,1,Multi-source analysis (4 sources): finbert: SELL(0.93); gemini: SELL(0.80); polygon: SELL(0.75); enhanced_keyword_analysis: NEUTRAL(0.40),multi_source,SELL,0.49,MA trend: SELL; RSI: 41.7; MACD: bearish; BB position: 0.09,standard_analysis,"finbert,gemini,polygon,enhanced_keyword_analysis",2025-06-06T08:50:21.970853,,2025-06-06T08:50:21.970853,,,,,,,,,,pending
2025-06-06T08:50:21.963008,SAGT,LONG,0.77,"News: BUY (1.00 confidence) | Sources: 4 services | Top contributors: finbert(0.34), gemini(0.26), enhanced_keyword_analysis(0.03) | News reasoning: Multi-source analysis (4 sources): finbert: BUY(0.84); gemini: BUY(0.80); polygon: NEUTRAL(0.40); en | Technical: NEUTRAL (0.83 strength) | Technical r",1,0,0.7,1,BUY,1,Multi-source analysis (4 sources): finbert: BUY(0.84); gemini: BUY(0.80); polygon: NEUTRAL(0.40); enhanced_keyword_analysis: BUY(0.80),multi_source,NEUTRAL,0.83,MA trend: SELL; RSI: 19.6; MACD: bearish; BB position: 0.07,standard_analysis,"finbert,gemini,polygon,enhanced_keyword_analysis",2025-06-06T08:50:21.963008,,2025-06-06T08:50:21.963008,,,,,,,,,,pending
2025-06-06T08:50:21.963577,CRM,LONG,0.77,"News: BUY (1.00 confidence) | Sources: 4 services | Top contributors: finbert(0.34), gemini(0.23), polygon(0.07) | News reasoning: Multi-source analysis (4 sources): finbert: BUY(0.84); gemini: BUY(0.70); polygon: BUY(0.75); enhanc | Technical: NEUTRAL (0.74 strength) | Technical reasoning: MA trend",1,0,0.7,1,BUY,1,Multi-source analysis (4 sources): finbert: BUY(0.84); gemini: BUY(0.70); polygon: BUY(0.75); enhanced_keyword_analysis: BUY(0.80),multi_source,NEUTRAL,0.74,MA trend: SELL; RSI: 26.0; MACD: bearish; BB position: 0.24,standard_analysis,"finbert,gemini,polygon,enhanced_keyword_analysis",2025-06-06T08:50:21.963577,,2025-06-06T08:50:21.963577,,,,,,,,,,pending
2025-06-06T08:50:21.965605,JPOTF,LONG,0.77,"News: BUY (1.00 confidence) | Sources: 3 services | Top contributors: finbert(0.32), gemini(0.20), enhanced_keyword_analysis(0.03) | News reasoning: Multi-source analysis (3 sources): finbert: BUY(0.79); gemini: BUY(0.60); enhanced_keyword_analysis: | Technical: NEUTRAL (0.74 strength) | Technical r",1,0,0.7,2,BUY,1,Multi-source analysis (3 sources): finbert: BUY(0.79); gemini: BUY(0.60); enhanced_keyword_analysis: BUY(0.80),multi_source,NEUTRAL,0.74,MA trend: BUY; RSI: 59.1; MACD: bearish; BB position: 0.79,standard_analysis,"finbert,gemini,enhanced_keyword_analysis",2025-06-06T08:50:21.965605,,2025-06-06T08:50:21.965605,,,,,,,,,,pending
2025-06-06T08:50:21.969060,AHRO,LONG,0.77,"News: BUY (1.00 confidence) | Sources: 4 services | Top contributors: finbert(0.34), gemini(0.23), polygon(0.07) | News reasoning: Multi-source analysis (4 sources): finbert: BUY(0.84); gemini: BUY(0.70); polygon: BUY(0.75); enhanc | Technical: NEUTRAL (0.80 strength) | Technical reasoning: MA trend",1,0,0.7,1,BUY,1,Multi-source analysis (4 sources): finbert: BUY(0.84); gemini: BUY(0.70); polygon: BUY(0.75); enhanced_keyword_analysis: BUY(0.80),multi_source,NEUTRAL,0.8,MA trend: SELL; RSI: 29.2; MACD: bearish; BB position: 0.37,standard_analysis,"finbert,gemini,polygon,enhanced_keyword_analysis",2025-06-06T08:50:21.969060,,2025-06-06T08:50:21.969060,,,,,,,,,,pending
2025-06-06T08:50:21.971515,TSLA,SHORT,0.77,"News: SELL (1.00 confidence) | Sources: 4 services | Top contributors: finbert(-0.39), gemini(-0.23), polygon(0.00) | News reasoning: Multi-source analysis (4 sources): finbert: SELL(0.96); gemini: SELL(0.70); polygon: NEUTRAL(0.40);  | Technical: NEUTRAL (0.90 strength) | Technical reasoning: MA tr",-1,0,-0.7,2,SELL,1,Multi-source analysis (4 sources): finbert: SELL(0.96); gemini: SELL(0.70); polygon: NEUTRAL(0.40); enhanced_keyword_analysis: NEUTRAL(0.30),multi_source,NEUTRAL,0.9,MA trend: SELL; RSI: 29.5; MACD: bearish; BB position: -0.07,standard_analysis,"finbert,gemini,polygon,enhanced_keyword_analysis",2025-06-06T08:50:21.971515,,2025-06-06T08:50:21.971515,,,,,,,,,,pending
2025-06-06T08:50:21.964316,SYTA,LONG,0.6878,"News: BUY (0.89 confidence) | Sources: 4 services | Top contributors: gemini(0.26), finbert(0.23), enhanced_keyword_analysis(0.02) | News reasoning: Multi-source analysis (4 sources): finbert: BUY(0.56); gemini: BUY(0.80); polygon: NEUTRAL(0.40); en | Technical: NEUTRAL (0.92 strength) | Technical r",0.8932,0,0.6253,1,BUY,0.8932,Multi-source analysis (4 sources): finbert: BUY(0.56); gemini: BUY(0.80); polygon: NEUTRAL(0.40); enhanced_keyword_analysis: BUY(0.67),multi_source,NEUTRAL,0.92,MA trend: BUY; RSI: 57.8; MACD: bearish; BB position: 0.52,standard_analysis,"finbert,gemini,polygon,enhanced_keyword_analysis",2025-06-06T08:50:21.964316,,2025-06-06T08:50:21.964316,,,,,,,,,,pending
2025-06-06T08:50:21.964963,SCHD,LONG,0.6036,"News: BUY (0.59 confidence) | Sources: 4 services | Top contributors: gemini(0.23), enhanced_keyword_analysis(0.02), finbert(0.00) | News reasoning: Multi-source analysis (4 sources): finbert: NEUTRAL(0.57); gemini: BUY(0.70); polygon: NEUTRAL(0.40) | Technical: BUY (0.46 strength) | Technical reaso",0.5868,0.46,0.5488,1,BUY,0.5868,Multi-source analysis (4 sources): finbert: NEUTRAL(0.57); gemini: BUY(0.70); polygon: NEUTRAL(0.40); enhanced_keyword_analysis: BUY(0.60),multi_source,BUY,0.46,MA trend: BUY; RSI: 45.6; MACD: bullish; BB position: 0.53,standard_analysis,"finbert,gemini,polygon,enhanced_keyword_analysis",2025-06-06T08:50:21.964963,,2025-06-06T08:50:21.964963,,,,,,,,,,pending
2025-06-06T08:58:06.869722,CRM,LONG,0.77,"News: BUY (1.00 confidence) | Sources: 4 services | Top contributors: finbert(0.34), gemini(0.23), polygon(0.07) | News reasoning: Multi-source analysis (4 sources): finbert: BUY(0.84); gemini: BUY(0.70); polygon: BUY(0.75); enhanc | Technical: NEUTRAL (0.74 strength) | Technical reasoning: MA trend",1,0,0.7,1,BUY,1,Multi-source analysis (4 sources): finbert: BUY(0.84); gemini: BUY(0.70); polygon: BUY(0.75); enhanced_keyword_analysis: BUY(0.80),multi_source,NEUTRAL,0.74,MA trend: SELL; RSI: 26.0; MACD: bearish; BB position: 0.24,standard_analysis,"finbert,gemini,polygon,enhanced_keyword_analysis",2025-06-06T08:58:06.869722,,2025-06-06T08:58:06.869722,,,,,,,,,,pending
2025-06-06T08:58:06.871344,CW,LONG,0.77,"News: BUY (1.00 confidence) | Sources: 4 services | Top contributors: finbert(0.38), gemini(0.23), polygon(0.00) | News reasoning: Multi-source analysis (4 sources): finbert: BUY(0.93); gemini: BUY(0.70); polygon: NEUTRAL(0.40); en | Technical: NEUTRAL (0.94 strength) | Technical reasoning: MA trend",1,0,0.7,1,BUY,1,Multi-source analysis (4 sources): finbert: BUY(0.93); gemini: BUY(0.70); polygon: NEUTRAL(0.40); enhanced_keyword_analysis: NEUTRAL(0.40),multi_source,NEUTRAL,0.94,MA trend: BUY; RSI: 80.7; MACD: bearish; BB position: 0.79,standard_analysis,"finbert,gemini,polygon,enhanced_keyword_analysis",2025-06-06T08:58:06.871344,,2025-06-06T08:58:06.871344,,,,,,,,,,pending
2025-06-06T08:58:06.876359,HIVE,LONG,0.77,"News: BUY (1.00 confidence) | Sources: 4 services | Top contributors: finbert(0.39), gemini(0.23), enhanced_keyword_analysis(0.03) | News reasoning: Multi-source analysis (4 sources): finbert: BUY(0.95); gemini: BUY(0.70); polygon: NEUTRAL(0.40); en | Technical: NEUTRAL (0.72 strength) | Technical r",1,0,0.7,1,BUY,1,Multi-source analysis (4 sources): finbert: BUY(0.95); gemini: BUY(0.70); polygon: NEUTRAL(0.40); enhanced_keyword_analysis: BUY(0.80),multi_source,NEUTRAL,0.72,MA trend: SELL; RSI: 48.9; MACD: bearish; BB position: 0.26,standard_analysis,"finbert,gemini,polygon,enhanced_keyword_analysis",2025-06-06T08:58:06.876359,,2025-06-06T08:58:06.876359,,,,,,,,,,pending
2025-06-06T08:58:06.872510,CODI,SHORT,0.7596,"News: SELL (0.99 confidence) | Sources: 4 services | Top contributors: finbert(-0.34), gemini(-0.23), enhanced_keyword_analysis(-0.02) | News reasoning: Multi-source analysis (4 sources): finbert: SELL(0.84); gemini: SELL(0.70); polygon: NEUTRAL(0.40);  | Technical: NEUTRAL (0.92 strength) | Technic",-0.9864,0,-0.6905,2,SELL,0.9864,Multi-source analysis (4 sources): finbert: SELL(0.84); gemini: SELL(0.70); polygon: NEUTRAL(0.40); enhanced_keyword_analysis: SELL(0.73),multi_source,NEUTRAL,0.92,MA trend: SELL; RSI: 41.2; MACD: bullish; BB position: 0.46,standard_analysis,"finbert,gemini,polygon,enhanced_keyword_analysis",2025-06-06T08:58:06.872510,,2025-06-06T08:58:06.872510,,,,,,,,,,pending
2025-06-06T08:58:06.873162,URGN,SHORT,0.7174,"News: SELL (0.93 confidence) | Sources: 4 services | Top contributors: finbert(-0.26), gemini(-0.26), enhanced_keyword_analysis(-0.02) | News reasoning: Multi-source analysis (4 sources): finbert: SELL(0.64); gemini: SELL(0.80); polygon: NEUTRAL(0.40);  | Technical: NEUTRAL (0.88 strength) | Technic",-0.9317,0,-0.6522,2,SELL,0.9317,Multi-source analysis (4 sources): finbert: SELL(0.64); gemini: SELL(0.80); polygon: NEUTRAL(0.40); enhanced_keyword_analysis: SELL(0.70),multi_source,NEUTRAL,0.88,MA trend: SELL; RSI: 23.8; MACD: bullish; BB position: 0.36,standard_analysis,"finbert,gemini,polygon,enhanced_keyword_analysis",2025-06-06T08:58:06.873162,,2025-06-06T08:58:06.873162,,,,,,,,,,pending
2025-06-06T08:58:06.873769,FTRE,SHORT,0.7149,"News: SELL (0.93 confidence) | Sources: 4 services | Top contributors: gemini(-0.26), finbert(-0.26), enhanced_keyword_analysis(-0.02) | News reasoning: Multi-source analysis (4 sources): finbert: SELL(0.63); gemini: SELL(0.80); polygon: NEUTRAL(0.40);  | Technical: NEUTRAL (0.84 strength) | Technic",-0.9285,0,-0.6499,2,SELL,0.9285,Multi-source analysis (4 sources): finbert: SELL(0.63); gemini: SELL(0.80); polygon: NEUTRAL(0.40); enhanced_keyword_analysis: SELL(0.73),multi_source,NEUTRAL,0.84,MA trend: NEUTRAL; RSI: 56.4; MACD: bullish; BB position: 0.68,standard_analysis,"finbert,gemini,polygon,enhanced_keyword_analysis",2025-06-06T08:58:06.873769,,2025-06-06T08:58:06.873769,,,,,,,,,,pending
2025-06-06T08:58:06.874775,ELV,SHORT,0.6334,"News: SELL (0.82 confidence) | Sources: 4 services | Top contributors: gemini(-0.23), finbert(-0.20), enhanced_keyword_analysis(-0.02) | News reasoning: Multi-source analysis (4 sources): finbert: SELL(0.49); gemini: SELL(0.70); polygon: NEUTRAL(0.40);  | Technical: NEUTRAL (0.92 strength) | Technic",-0.8226,0,-0.5758,2,SELL,0.8226,Multi-source analysis (4 sources): finbert: SELL(0.49); gemini: SELL(0.70); polygon: NEUTRAL(0.40); enhanced_keyword_analysis: SELL(0.73),multi_source,NEUTRAL,0.92,MA trend: SELL; RSI: 47.0; MACD: bullish; BB position: 0.42,standard_analysis,"finbert,gemini,polygon,enhanced_keyword_analysis",2025-06-06T08:58:06.874775,,2025-06-06T08:58:06.874775,,,,,,,,,,pending
2025-06-06T10:06:55.679145,LICYF,SHORT,0.77,"News: SELL (1.00 confidence) | Sources: 3 services | Top contributors: gemini(-0.30), finbert(-0.26), enhanced_keyword_analysis(-0.03) | News reasoning: Multi-source analysis (3 sources): finbert: SELL(0.63); gemini: SELL(0.90); enhanced_keyword_analysi | Combined score: -0.70",-1,0,-0.7,1,SELL,1,Multi-source analysis (3 sources): finbert: SELL(0.63); gemini: SELL(0.90); enhanced_keyword_analysis: SELL(0.80),multi_source,,,,standard_analysis,"finbert,gemini,enhanced_keyword_analysis",2025-06-06T10:06:55.679145,,2025-06-06T10:06:55.679145,,,,,,,,,,pending
2025-06-06T11:13:35.678172,GTLL,LONG,0.7774,"News: BUY (0.85 confidence) | Sources: 4 services | Top contributors: finbert(0.38), polygon(0.07), enhanced_keyword_analysis(0.03) | News reasoning: Multi-source analysis (4 sources): finbert: BUY(0.92); gemini: NEUTRAL(0.30); polygon: BUY(0.75); en | Technical: BUY (0.37 strength) | Technical reas",0.851,0.37,0.7067,1,BUY,0.851,Multi-source analysis (4 sources): finbert: BUY(0.92); gemini: NEUTRAL(0.30); polygon: BUY(0.75); enhanced_keyword_analysis: BUY(0.80),multi_source,BUY,0.37,MA trend: BUY; RSI: 50.0; MACD: bullish; BB position: 0.82,standard_analysis,"finbert,gemini,polygon,enhanced_keyword_analysis",2025-06-06T11:13:35.678172,0,2025-06-06T15:25:00+00:00,0,2025-06-06T15:25:00+00:00,0,,,,,,,pending
2025-06-06T11:13:35.670225,AVGOP,SHORT,0.6261,"News: SELL (0.81 confidence) | Sources: 3 services | Top contributors: finbert(-0.40), gemini(0.00), enhanced_keyword_analysis(0.00) | News reasoning: Multi-source analysis (3 sources): finbert: SELL(0.96); gemini: NEUTRAL(0.30); enhanced_keyword_anal | Technical: NEUTRAL (0.71 strength) | Technical",-0.8131,0,-0.5692,1,SELL,0.8131,Multi-source analysis (3 sources): finbert: SELL(0.96); gemini: NEUTRAL(0.30); enhanced_keyword_analysis: NEUTRAL(0.40),multi_source,NEUTRAL,0.71,MA trend: SELL; RSI: 25.1; MACD: bearish; BB position: 0.01,standard_analysis,"finbert,gemini,enhanced_keyword_analysis",2025-06-06T11:13:35.670225,1406.7,2025-06-06T15:13:35.692556+00:00,,,,,,,,,,pending
2025-06-06T11:24:10.675333,ETOLF,LONG,0.6293,"News: BUY (0.82 confidence) | Sources: 3 services | Top contributors: finbert(0.37), enhanced_keyword_analysis(0.03), gemini(0.00) | News reasoning: Multi-source analysis (3 sources): finbert: BUY(0.91); gemini: NEUTRAL(0.70); enhanced_keyword_analy | Technical: NEUTRAL (0.72 strength) | Technical r",0.8172,0,0.5721,1,BUY,0.8172,Multi-source analysis (3 sources): finbert: BUY(0.91); gemini: NEUTRAL(0.70); enhanced_keyword_analysis: BUY(0.80),multi_source,NEUTRAL,0.72,MA trend: SELL; RSI: 46.9; MACD: bearish; BB position: 0.24,standard_analysis,"finbert,gemini,enhanced_keyword_analysis",2025-06-06T11:24:10.675333,1.17,2025-06-06T15:24:10.683829+00:00,1.19,2025-06-06T15:24:10.683829+00:00,1.71,1.19,2025-06-06T15:24:10.683829+00:00,1.71,,,,pending
2025-06-06T11:13:35.678172,GTLL,LONG,0.7774,"News: BUY (0.85 confidence) | Sources: 4 services | Top contributors: finbert(0.38), polygon(0.07), enhanced_keyword_analysis(0.03) | News reasoning: Multi-source analysis (4 sources): finbert: BUY(0.92); gemini: NEUTRAL(0.30); polygon: BUY(0.75); en | Technical: BUY (0.37 strength) | Technical reas",0.851,0.37,0.7067,1,BUY,0.851,Multi-source analysis (4 sources): finbert: BUY(0.92); gemini: NEUTRAL(0.30); polygon: BUY(0.75); enhanced_keyword_analysis: BUY(0.80),multi_source,BUY,0.37,MA trend: BUY; RSI: 50.0; MACD: bullish; BB position: 0.82,standard_analysis,"finbert,gemini,polygon,enhanced_keyword_analysis",2025-06-06T11:13:35.678172,0,2025-06-06T15:25:00+00:00,0,2025-06-06T16:01:28.524810+00:00,-20,,,,,,,pending
2025-06-06T11:13:35.670225,AVGOP,SHORT,0.6261,"News: SELL (0.81 confidence) | Sources: 3 services | Top contributors: finbert(-0.40), gemini(0.00), enhanced_keyword_analysis(0.00) | News reasoning: Multi-source analysis (3 sources): finbert: SELL(0.96); gemini: NEUTRAL(0.30); enhanced_keyword_anal | Technical: NEUTRAL (0.71 strength) | Technical",-0.8131,0,-0.5692,1,SELL,0.8131,Multi-source analysis (3 sources): finbert: SELL(0.96); gemini: NEUTRAL(0.30); enhanced_keyword_analysis: NEUTRAL(0.40),multi_source,NEUTRAL,0.71,MA trend: SELL; RSI: 25.1; MACD: bearish; BB position: 0.01,standard_analysis,"finbert,gemini,enhanced_keyword_analysis",2025-06-06T11:13:35.670225,1406.7,2025-06-06T15:13:35.692556+00:00,1406.7,2025-06-06T16:01:28.524810+00:00,0,,,,,,,pending
